--
-- PostgreSQL database dump
--

\restrict fmCsjWTd8QX2wc0oUlmlehbZ9jl1C3dlYOFVKMxJISE2zwCVfsce6ltaYPe1rRO

-- Dumped from database version 18.0
-- Dumped by pg_dump version 18.0

SET statement_timeout = 0;
SET lock_timeout = 0;
SET idle_in_transaction_session_timeout = 0;
SET transaction_timeout = 0;
SET client_encoding = 'UTF8';
SET standard_conforming_strings = on;
SELECT pg_catalog.set_config('search_path', '', false);
SET check_function_bodies = false;
SET xmloption = content;
SET client_min_messages = warning;
SET row_security = off;

--
-- Name: public; Type: SCHEMA; Schema: -; Owner: pg_database_owner
--

CREATE SCHEMA public;


ALTER SCHEMA public OWNER TO pg_database_owner;

--
-- Name: SCHEMA public; Type: COMMENT; Schema: -; Owner: pg_database_owner
--

COMMENT ON SCHEMA public IS 'standard public schema';


SET default_tablespace = '';

SET default_table_access_method = heap;

--
-- Name: auth_group; Type: TABLE; Schema: public; Owner: pavel
--

CREATE TABLE public.auth_group (
    id integer NOT NULL,
    name character varying(150) NOT NULL
);


ALTER TABLE public.auth_group OWNER TO pavel;

--
-- Name: auth_group_id_seq; Type: SEQUENCE; Schema: public; Owner: pavel
--

ALTER TABLE public.auth_group ALTER COLUMN id ADD GENERATED BY DEFAULT AS IDENTITY (
    SEQUENCE NAME public.auth_group_id_seq
    START WITH 1
    INCREMENT BY 1
    NO MINVALUE
    NO MAXVALUE
    CACHE 1
);


--
-- Name: auth_group_permissions; Type: TABLE; Schema: public; Owner: pavel
--

CREATE TABLE public.auth_group_permissions (
    id integer NOT NULL,
    group_id integer NOT NULL,
    permission_id integer NOT NULL
);


ALTER TABLE public.auth_group_permissions OWNER TO pavel;

--
-- Name: auth_group_permissions_id_seq; Type: SEQUENCE; Schema: public; Owner: pavel
--

ALTER TABLE public.auth_group_permissions ALTER COLUMN id ADD GENERATED BY DEFAULT AS IDENTITY (
    SEQUENCE NAME public.auth_group_permissions_id_seq
    START WITH 1
    INCREMENT BY 1
    NO MINVALUE
    NO MAXVALUE
    CACHE 1
);


--
-- Name: auth_permission; Type: TABLE; Schema: public; Owner: pavel
--

CREATE TABLE public.auth_permission (
    id integer NOT NULL,
    name character varying(255) NOT NULL,
    content_type_id integer NOT NULL,
    codename character varying(100) NOT NULL
);


ALTER TABLE public.auth_permission OWNER TO pavel;

--
-- Name: auth_permission_id_seq; Type: SEQUENCE; Schema: public; Owner: pavel
--

ALTER TABLE public.auth_permission ALTER COLUMN id ADD GENERATED BY DEFAULT AS IDENTITY (
    SEQUENCE NAME public.auth_permission_id_seq
    START WITH 1
    INCREMENT BY 1
    NO MINVALUE
    NO MAXVALUE
    CACHE 1
);


--
-- Name: auth_user; Type: TABLE; Schema: public; Owner: pavel
--

CREATE TABLE public.auth_user (
    id integer NOT NULL,
    password character varying(128) NOT NULL,
    last_login timestamp with time zone,
    is_superuser boolean NOT NULL,
    username character varying(150) NOT NULL,
    first_name character varying(150) NOT NULL,
    last_name character varying(150) NOT NULL,
    email character varying(254) NOT NULL,
    is_staff boolean NOT NULL,
    is_active boolean NOT NULL,
    date_joined timestamp with time zone NOT NULL
);


ALTER TABLE public.auth_user OWNER TO pavel;

--
-- Name: auth_user_groups; Type: TABLE; Schema: public; Owner: pavel
--

CREATE TABLE public.auth_user_groups (
    id integer NOT NULL,
    user_id integer NOT NULL,
    group_id integer NOT NULL
);


ALTER TABLE public.auth_user_groups OWNER TO pavel;

--
-- Name: auth_user_groups_id_seq; Type: SEQUENCE; Schema: public; Owner: pavel
--

ALTER TABLE public.auth_user_groups ALTER COLUMN id ADD GENERATED BY DEFAULT AS IDENTITY (
    SEQUENCE NAME public.auth_user_groups_id_seq
    START WITH 1
    INCREMENT BY 1
    NO MINVALUE
    NO MAXVALUE
    CACHE 1
);


--
-- Name: auth_user_id_seq; Type: SEQUENCE; Schema: public; Owner: pavel
--

ALTER TABLE public.auth_user ALTER COLUMN id ADD GENERATED BY DEFAULT AS IDENTITY (
    SEQUENCE NAME public.auth_user_id_seq
    START WITH 1
    INCREMENT BY 1
    NO MINVALUE
    NO MAXVALUE
    CACHE 1
);


--
-- Name: auth_user_user_permissions; Type: TABLE; Schema: public; Owner: pavel
--

CREATE TABLE public.auth_user_user_permissions (
    id integer NOT NULL,
    user_id integer NOT NULL,
    permission_id integer NOT NULL
);


ALTER TABLE public.auth_user_user_permissions OWNER TO pavel;

--
-- Name: auth_user_user_permissions_id_seq; Type: SEQUENCE; Schema: public; Owner: pavel
--

ALTER TABLE public.auth_user_user_permissions ALTER COLUMN id ADD GENERATED BY DEFAULT AS IDENTITY (
    SEQUENCE NAME public.auth_user_user_permissions_id_seq
    START WITH 1
    INCREMENT BY 1
    NO MINVALUE
    NO MAXVALUE
    CACHE 1
);


--
-- Name: django_admin_log; Type: TABLE; Schema: public; Owner: pavel
--

CREATE TABLE public.django_admin_log (
    id integer NOT NULL,
    action_time timestamp with time zone NOT NULL,
    object_id text,
    object_repr character varying(200) NOT NULL,
    action_flag smallint NOT NULL,
    change_message text NOT NULL,
    content_type_id integer,
    user_id integer NOT NULL,
    CONSTRAINT django_admin_log_action_flag_check CHECK ((action_flag >= 0))
);


ALTER TABLE public.django_admin_log OWNER TO pavel;

--
-- Name: django_admin_log_id_seq; Type: SEQUENCE; Schema: public; Owner: pavel
--

ALTER TABLE public.django_admin_log ALTER COLUMN id ADD GENERATED BY DEFAULT AS IDENTITY (
    SEQUENCE NAME public.django_admin_log_id_seq
    START WITH 1
    INCREMENT BY 1
    NO MINVALUE
    NO MAXVALUE
    CACHE 1
);


--
-- Name: django_content_type; Type: TABLE; Schema: public; Owner: pavel
--

CREATE TABLE public.django_content_type (
    id integer NOT NULL,
    app_label character varying(100) NOT NULL,
    model character varying(100) NOT NULL
);


ALTER TABLE public.django_content_type OWNER TO pavel;

--
-- Name: django_content_type_id_seq; Type: SEQUENCE; Schema: public; Owner: pavel
--

ALTER TABLE public.django_content_type ALTER COLUMN id ADD GENERATED BY DEFAULT AS IDENTITY (
    SEQUENCE NAME public.django_content_type_id_seq
    START WITH 1
    INCREMENT BY 1
    NO MINVALUE
    NO MAXVALUE
    CACHE 1
);


--
-- Name: django_migrations; Type: TABLE; Schema: public; Owner: pavel
--

CREATE TABLE public.django_migrations (
    id integer NOT NULL,
    app character varying(255) NOT NULL,
    name character varying(255) NOT NULL,
    applied timestamp with time zone NOT NULL
);


ALTER TABLE public.django_migrations OWNER TO pavel;

--
-- Name: django_migrations_id_seq; Type: SEQUENCE; Schema: public; Owner: pavel
--

ALTER TABLE public.django_migrations ALTER COLUMN id ADD GENERATED BY DEFAULT AS IDENTITY (
    SEQUENCE NAME public.django_migrations_id_seq
    START WITH 1
    INCREMENT BY 1
    NO MINVALUE
    NO MAXVALUE
    CACHE 1
);


--
-- Name: django_session; Type: TABLE; Schema: public; Owner: pavel
--

CREATE TABLE public.django_session (
    session_key character varying(40) NOT NULL,
    session_data text NOT NULL,
    expire_date timestamp with time zone NOT NULL
);


ALTER TABLE public.django_session OWNER TO pavel;

--
-- Name: foodcartapp_restaurant; Type: TABLE; Schema: public; Owner: pavel
--

CREATE TABLE public.foodcartapp_restaurant (
    id integer CONSTRAINT foodcartapp_hotel_id_not_null NOT NULL,
    name character varying(50) CONSTRAINT foodcartapp_hotel_name_not_null NOT NULL,
    address character varying(100) NOT NULL,
    contact_phone character varying(50) NOT NULL,
    lat double precision,
    lon double precision
);


ALTER TABLE public.foodcartapp_restaurant OWNER TO pavel;

--
-- Name: foodcartapp_hotel_id_seq; Type: SEQUENCE; Schema: public; Owner: pavel
--

ALTER TABLE public.foodcartapp_restaurant ALTER COLUMN id ADD GENERATED BY DEFAULT AS IDENTITY (
    SEQUENCE NAME public.foodcartapp_hotel_id_seq
    START WITH 1
    INCREMENT BY 1
    NO MINVALUE
    NO MAXVALUE
    CACHE 1
);


--
-- Name: foodcartapp_order; Type: TABLE; Schema: public; Owner: pavel
--

CREATE TABLE public.foodcartapp_order (
    id integer NOT NULL,
    address character varying(50) NOT NULL,
    firstname character varying(50) CONSTRAINT foodcartapp_order_first_name_not_null NOT NULL,
    lastname character varying(50) CONSTRAINT foodcartapp_order_last_name_not_null NOT NULL,
    phonenumber character varying(20) CONSTRAINT foodcartapp_order_phone_number_not_null NOT NULL,
    status character varying(20) NOT NULL,
    comments text NOT NULL,
    called_at timestamp with time zone,
    delivered_at timestamp with time zone,
    registered_at timestamp with time zone CONSTRAINT foodcartapp_order_registated_at_not_null NOT NULL,
    payment_method character varying(20) NOT NULL,
    cooking_restaurant_id integer
);


ALTER TABLE public.foodcartapp_order OWNER TO pavel;

--
-- Name: foodcartapp_order_id_seq; Type: SEQUENCE; Schema: public; Owner: pavel
--

ALTER TABLE public.foodcartapp_order ALTER COLUMN id ADD GENERATED BY DEFAULT AS IDENTITY (
    SEQUENCE NAME public.foodcartapp_order_id_seq
    START WITH 1
    INCREMENT BY 1
    NO MINVALUE
    NO MAXVALUE
    CACHE 1
);


--
-- Name: foodcartapp_orderitem; Type: TABLE; Schema: public; Owner: pavel
--

CREATE TABLE public.foodcartapp_orderitem (
    id integer NOT NULL,
    quantity integer NOT NULL,
    order_id integer NOT NULL,
    product_id integer NOT NULL,
    price numeric(8,2) NOT NULL
);


ALTER TABLE public.foodcartapp_orderitem OWNER TO pavel;

--
-- Name: foodcartapp_orderitem_id_seq; Type: SEQUENCE; Schema: public; Owner: pavel
--

ALTER TABLE public.foodcartapp_orderitem ALTER COLUMN id ADD GENERATED BY DEFAULT AS IDENTITY (
    SEQUENCE NAME public.foodcartapp_orderitem_id_seq
    START WITH 1
    INCREMENT BY 1
    NO MINVALUE
    NO MAXVALUE
    CACHE 1
);


--
-- Name: foodcartapp_product; Type: TABLE; Schema: public; Owner: pavel
--

CREATE TABLE public.foodcartapp_product (
    id integer NOT NULL,
    name character varying(50) NOT NULL,
    price numeric(8,2) CONSTRAINT foodcartapp_product_full_price_not_null NOT NULL,
    image character varying(100) NOT NULL,
    special_status boolean NOT NULL,
    description text CONSTRAINT foodcartapp_product_ingridients_not_null NOT NULL,
    category_id integer
);


ALTER TABLE public.foodcartapp_product OWNER TO pavel;

--
-- Name: foodcartapp_product_id_seq; Type: SEQUENCE; Schema: public; Owner: pavel
--

ALTER TABLE public.foodcartapp_product ALTER COLUMN id ADD GENERATED BY DEFAULT AS IDENTITY (
    SEQUENCE NAME public.foodcartapp_product_id_seq
    START WITH 1
    INCREMENT BY 1
    NO MINVALUE
    NO MAXVALUE
    CACHE 1
);


--
-- Name: foodcartapp_productcategory; Type: TABLE; Schema: public; Owner: pavel
--

CREATE TABLE public.foodcartapp_productcategory (
    id integer NOT NULL,
    name character varying(50) NOT NULL
);


ALTER TABLE public.foodcartapp_productcategory OWNER TO pavel;

--
-- Name: foodcartapp_productcategory_id_seq; Type: SEQUENCE; Schema: public; Owner: pavel
--

ALTER TABLE public.foodcartapp_productcategory ALTER COLUMN id ADD GENERATED BY DEFAULT AS IDENTITY (
    SEQUENCE NAME public.foodcartapp_productcategory_id_seq
    START WITH 1
    INCREMENT BY 1
    NO MINVALUE
    NO MAXVALUE
    CACHE 1
);


--
-- Name: foodcartapp_restaurantmenuitem; Type: TABLE; Schema: public; Owner: pavel
--

CREATE TABLE public.foodcartapp_restaurantmenuitem (
    id integer NOT NULL,
    availability boolean NOT NULL,
    product_id integer NOT NULL,
    restaurant_id integer NOT NULL
);


ALTER TABLE public.foodcartapp_restaurantmenuitem OWNER TO pavel;

--
-- Name: foodcartapp_restaurantmenuitem_id_seq; Type: SEQUENCE; Schema: public; Owner: pavel
--

ALTER TABLE public.foodcartapp_restaurantmenuitem ALTER COLUMN id ADD GENERATED BY DEFAULT AS IDENTITY (
    SEQUENCE NAME public.foodcartapp_restaurantmenuitem_id_seq
    START WITH 1
    INCREMENT BY 1
    NO MINVALUE
    NO MAXVALUE
    CACHE 1
);


--
-- Name: geocoder_cache_cachedlocation; Type: TABLE; Schema: public; Owner: pavel
--

CREATE TABLE public.geocoder_cache_cachedlocation (
    id bigint NOT NULL,
    address character varying(255) NOT NULL,
    latitude double precision,
    longitude double precision,
    created_at timestamp with time zone NOT NULL,
    updated_at timestamp with time zone NOT NULL
);


ALTER TABLE public.geocoder_cache_cachedlocation OWNER TO pavel;

--
-- Name: geocoder_cache_cachedlocation_id_seq; Type: SEQUENCE; Schema: public; Owner: pavel
--

ALTER TABLE public.geocoder_cache_cachedlocation ALTER COLUMN id ADD GENERATED BY DEFAULT AS IDENTITY (
    SEQUENCE NAME public.geocoder_cache_cachedlocation_id_seq
    START WITH 1
    INCREMENT BY 1
    NO MINVALUE
    NO MAXVALUE
    CACHE 1
);


--
-- Data for Name: auth_group; Type: TABLE DATA; Schema: public; Owner: pavel
--

COPY public.auth_group (id, name) FROM stdin;
\.


--
-- Data for Name: auth_group_permissions; Type: TABLE DATA; Schema: public; Owner: pavel
--

COPY public.auth_group_permissions (id, group_id, permission_id) FROM stdin;
\.


--
-- Data for Name: auth_permission; Type: TABLE DATA; Schema: public; Owner: pavel
--

COPY public.auth_permission (id, name, content_type_id, codename) FROM stdin;
1	Can add товар	1	add_product
2	Can change товар	1	change_product
3	Can delete товар	1	delete_product
4	Can view товар	1	view_product
5	Can add ресторан	2	add_restaurant
6	Can change ресторан	2	change_restaurant
7	Can delete ресторан	2	delete_restaurant
8	Can view ресторан	2	view_restaurant
9	Can add пункт меню ресторана	3	add_restaurantmenuitem
10	Can change пункт меню ресторана	3	change_restaurantmenuitem
11	Can delete пункт меню ресторана	3	delete_restaurantmenuitem
12	Can view пункт меню ресторана	3	view_restaurantmenuitem
13	Can add категория	4	add_productcategory
14	Can change категория	4	change_productcategory
15	Can delete категория	4	delete_productcategory
16	Can view категория	4	view_productcategory
17	Can add Заказ	5	add_order
18	Can change Заказ	5	change_order
19	Can delete Заказ	5	delete_order
20	Can view Заказ	5	view_order
21	Can add Элемент заказа	6	add_orderitem
22	Can change Элемент заказа	6	change_orderitem
23	Can delete Элемент заказа	6	delete_orderitem
24	Can view Элемент заказа	6	view_orderitem
25	Can add log entry	7	add_logentry
26	Can change log entry	7	change_logentry
27	Can delete log entry	7	delete_logentry
28	Can view log entry	7	view_logentry
29	Can add permission	8	add_permission
30	Can change permission	8	change_permission
31	Can delete permission	8	delete_permission
32	Can view permission	8	view_permission
33	Can add group	9	add_group
34	Can change group	9	change_group
35	Can delete group	9	delete_group
36	Can view group	9	view_group
37	Can add user	10	add_user
38	Can change user	10	change_user
39	Can delete user	10	delete_user
40	Can view user	10	view_user
41	Can add content type	11	add_contenttype
42	Can change content type	11	change_contenttype
43	Can delete content type	11	delete_contenttype
44	Can view content type	11	view_contenttype
45	Can add session	12	add_session
46	Can change session	12	change_session
47	Can delete session	12	delete_session
48	Can view session	12	view_session
49	Can add кэшированная локация	13	add_cachedlocation
50	Can change кэшированная локация	13	change_cachedlocation
51	Can delete кэшированная локация	13	delete_cachedlocation
52	Can view кэшированная локация	13	view_cachedlocation
\.


--
-- Data for Name: auth_user; Type: TABLE DATA; Schema: public; Owner: pavel
--

COPY public.auth_user (id, password, last_login, is_superuser, username, first_name, last_name, email, is_staff, is_active, date_joined) FROM stdin;
1	pbkdf2_sha256$1000000$i7itmpUyTLfjerm65tMhHK$LW5DVB4zH3BoMgi3YMVUEddLdF7bHAvSCxvL3yPmvmY=	2025-11-03 20:16:52.056618+05	t	pasha				t	t	2025-08-05 18:39:01.552+05
\.


--
-- Data for Name: auth_user_groups; Type: TABLE DATA; Schema: public; Owner: pavel
--

COPY public.auth_user_groups (id, user_id, group_id) FROM stdin;
\.


--
-- Data for Name: auth_user_user_permissions; Type: TABLE DATA; Schema: public; Owner: pavel
--

COPY public.auth_user_user_permissions (id, user_id, permission_id) FROM stdin;
\.


--
-- Data for Name: django_admin_log; Type: TABLE DATA; Schema: public; Owner: pavel
--

COPY public.django_admin_log (id, action_time, object_id, object_repr, action_flag, change_message, content_type_id, user_id) FROM stdin;
1	2025-08-11 19:37:11.555+05	1	Star Burger Арбат	1	[{"added": {}}]	2	1
2	2025-08-11 19:37:39.234+05	2	Star Burger Цветной	1	[{"added": {}}]	2	1
3	2025-08-11 19:37:53.965+05	3	Star Burger Европейский	1	[{"added": {}}]	2	1
4	2025-08-11 19:42:00.584+05	1	Бургер	1	[{"added": {}}]	4	1
5	2025-08-11 19:42:07.035+05	2	Ролл	1	[{"added": {}}]	4	1
6	2025-08-11 19:44:54.809+05	1	Стейкхаус	1	[{"added": {}}]	1	1
7	2025-08-11 19:45:29.281+05	2	Лонг Чизбургер	1	[{"added": {}}]	1	1
8	2025-08-11 19:45:54.834+05	3	Тройной Воппер	1	[{"added": {}}]	1	1
9	2025-08-11 19:46:26.765+05	4	Беконайзер	1	[{"added": {}}]	1	1
10	2025-08-11 19:47:45.545+05	5	Фиш Ролл	1	[{"added": {}}]	1	1
11	2025-08-11 19:48:06.571+05	6	Шримп Ролл	1	[{"added": {}}]	1	1
12	2025-08-11 19:54:51.829+05	3	Star Burger Европейский	2	[{"added": {"name": "\\u043f\\u0443\\u043d\\u043a\\u0442 \\u043c\\u0435\\u043d\\u044e \\u0440\\u0435\\u0441\\u0442\\u043e\\u0440\\u0430\\u043d\\u0430", "object": "Star Burger \\u0415\\u0432\\u0440\\u043e\\u043f\\u0435\\u0439\\u0441\\u043a\\u0438\\u0439 - \\u0421\\u0442\\u0435\\u0439\\u043a\\u0445\\u0430\\u0443\\u0441"}}, {"added": {"name": "\\u043f\\u0443\\u043d\\u043a\\u0442 \\u043c\\u0435\\u043d\\u044e \\u0440\\u0435\\u0441\\u0442\\u043e\\u0440\\u0430\\u043d\\u0430", "object": "Star Burger \\u0415\\u0432\\u0440\\u043e\\u043f\\u0435\\u0439\\u0441\\u043a\\u0438\\u0439 - \\u041b\\u043e\\u043d\\u0433 \\u0427\\u0438\\u0437\\u0431\\u0443\\u0440\\u0433\\u0435\\u0440"}}, {"added": {"name": "\\u043f\\u0443\\u043d\\u043a\\u0442 \\u043c\\u0435\\u043d\\u044e \\u0440\\u0435\\u0441\\u0442\\u043e\\u0440\\u0430\\u043d\\u0430", "object": "Star Burger \\u0415\\u0432\\u0440\\u043e\\u043f\\u0435\\u0439\\u0441\\u043a\\u0438\\u0439 - \\u0422\\u0440\\u043e\\u0439\\u043d\\u043e\\u0439 \\u0412\\u043e\\u043f\\u043f\\u0435\\u0440"}}, {"added": {"name": "\\u043f\\u0443\\u043d\\u043a\\u0442 \\u043c\\u0435\\u043d\\u044e \\u0440\\u0435\\u0441\\u0442\\u043e\\u0440\\u0430\\u043d\\u0430", "object": "Star Burger \\u0415\\u0432\\u0440\\u043e\\u043f\\u0435\\u0439\\u0441\\u043a\\u0438\\u0439 - \\u0411\\u0435\\u043a\\u043e\\u043d\\u0430\\u0439\\u0437\\u0435\\u0440"}}, {"added": {"name": "\\u043f\\u0443\\u043d\\u043a\\u0442 \\u043c\\u0435\\u043d\\u044e \\u0440\\u0435\\u0441\\u0442\\u043e\\u0440\\u0430\\u043d\\u0430", "object": "Star Burger \\u0415\\u0432\\u0440\\u043e\\u043f\\u0435\\u0439\\u0441\\u043a\\u0438\\u0439 - \\u0424\\u0438\\u0448 \\u0420\\u043e\\u043b\\u043b"}}, {"added": {"name": "\\u043f\\u0443\\u043d\\u043a\\u0442 \\u043c\\u0435\\u043d\\u044e \\u0440\\u0435\\u0441\\u0442\\u043e\\u0440\\u0430\\u043d\\u0430", "object": "Star Burger \\u0415\\u0432\\u0440\\u043e\\u043f\\u0435\\u0439\\u0441\\u043a\\u0438\\u0439 - \\u0428\\u0440\\u0438\\u043c\\u043f \\u0420\\u043e\\u043b\\u043b"}}]	2	1
13	2025-08-11 19:58:24.249+05	2	Star Burger Цветной	2	[{"added": {"name": "\\u043f\\u0443\\u043d\\u043a\\u0442 \\u043c\\u0435\\u043d\\u044e \\u0440\\u0435\\u0441\\u0442\\u043e\\u0440\\u0430\\u043d\\u0430", "object": "Star Burger \\u0426\\u0432\\u0435\\u0442\\u043d\\u043e\\u0439 - \\u0421\\u0442\\u0435\\u0439\\u043a\\u0445\\u0430\\u0443\\u0441"}}, {"added": {"name": "\\u043f\\u0443\\u043d\\u043a\\u0442 \\u043c\\u0435\\u043d\\u044e \\u0440\\u0435\\u0441\\u0442\\u043e\\u0440\\u0430\\u043d\\u0430", "object": "Star Burger \\u0426\\u0432\\u0435\\u0442\\u043d\\u043e\\u0439 - \\u041b\\u043e\\u043d\\u0433 \\u0427\\u0438\\u0437\\u0431\\u0443\\u0440\\u0433\\u0435\\u0440"}}, {"added": {"name": "\\u043f\\u0443\\u043d\\u043a\\u0442 \\u043c\\u0435\\u043d\\u044e \\u0440\\u0435\\u0441\\u0442\\u043e\\u0440\\u0430\\u043d\\u0430", "object": "Star Burger \\u0426\\u0432\\u0435\\u0442\\u043d\\u043e\\u0439 - \\u0422\\u0440\\u043e\\u0439\\u043d\\u043e\\u0439 \\u0412\\u043e\\u043f\\u043f\\u0435\\u0440"}}, {"added": {"name": "\\u043f\\u0443\\u043d\\u043a\\u0442 \\u043c\\u0435\\u043d\\u044e \\u0440\\u0435\\u0441\\u0442\\u043e\\u0440\\u0430\\u043d\\u0430", "object": "Star Burger \\u0426\\u0432\\u0435\\u0442\\u043d\\u043e\\u0439 - \\u0411\\u0435\\u043a\\u043e\\u043d\\u0430\\u0439\\u0437\\u0435\\u0440"}}, {"added": {"name": "\\u043f\\u0443\\u043d\\u043a\\u0442 \\u043c\\u0435\\u043d\\u044e \\u0440\\u0435\\u0441\\u0442\\u043e\\u0440\\u0430\\u043d\\u0430", "object": "Star Burger \\u0426\\u0432\\u0435\\u0442\\u043d\\u043e\\u0439 - \\u0424\\u0438\\u0448 \\u0420\\u043e\\u043b\\u043b"}}, {"added": {"name": "\\u043f\\u0443\\u043d\\u043a\\u0442 \\u043c\\u0435\\u043d\\u044e \\u0440\\u0435\\u0441\\u0442\\u043e\\u0440\\u0430\\u043d\\u0430", "object": "Star Burger \\u0426\\u0432\\u0435\\u0442\\u043d\\u043e\\u0439 - \\u0428\\u0440\\u0438\\u043c\\u043f \\u0420\\u043e\\u043b\\u043b"}}]	2	1
14	2025-08-11 19:58:38.133+05	1	Star Burger Арбат	2	[{"added": {"name": "\\u043f\\u0443\\u043d\\u043a\\u0442 \\u043c\\u0435\\u043d\\u044e \\u0440\\u0435\\u0441\\u0442\\u043e\\u0440\\u0430\\u043d\\u0430", "object": "Star Burger \\u0410\\u0440\\u0431\\u0430\\u0442 - \\u0421\\u0442\\u0435\\u0439\\u043a\\u0445\\u0430\\u0443\\u0441"}}, {"added": {"name": "\\u043f\\u0443\\u043d\\u043a\\u0442 \\u043c\\u0435\\u043d\\u044e \\u0440\\u0435\\u0441\\u0442\\u043e\\u0440\\u0430\\u043d\\u0430", "object": "Star Burger \\u0410\\u0440\\u0431\\u0430\\u0442 - \\u041b\\u043e\\u043d\\u0433 \\u0427\\u0438\\u0437\\u0431\\u0443\\u0440\\u0433\\u0435\\u0440"}}, {"added": {"name": "\\u043f\\u0443\\u043d\\u043a\\u0442 \\u043c\\u0435\\u043d\\u044e \\u0440\\u0435\\u0441\\u0442\\u043e\\u0440\\u0430\\u043d\\u0430", "object": "Star Burger \\u0410\\u0440\\u0431\\u0430\\u0442 - \\u0422\\u0440\\u043e\\u0439\\u043d\\u043e\\u0439 \\u0412\\u043e\\u043f\\u043f\\u0435\\u0440"}}, {"added": {"name": "\\u043f\\u0443\\u043d\\u043a\\u0442 \\u043c\\u0435\\u043d\\u044e \\u0440\\u0435\\u0441\\u0442\\u043e\\u0440\\u0430\\u043d\\u0430", "object": "Star Burger \\u0410\\u0440\\u0431\\u0430\\u0442 - \\u0411\\u0435\\u043a\\u043e\\u043d\\u0430\\u0439\\u0437\\u0435\\u0440"}}, {"added": {"name": "\\u043f\\u0443\\u043d\\u043a\\u0442 \\u043c\\u0435\\u043d\\u044e \\u0440\\u0435\\u0441\\u0442\\u043e\\u0440\\u0430\\u043d\\u0430", "object": "Star Burger \\u0410\\u0440\\u0431\\u0430\\u0442 - \\u0424\\u0438\\u0448 \\u0420\\u043e\\u043b\\u043b"}}, {"added": {"name": "\\u043f\\u0443\\u043d\\u043a\\u0442 \\u043c\\u0435\\u043d\\u044e \\u0440\\u0435\\u0441\\u0442\\u043e\\u0440\\u0430\\u043d\\u0430", "object": "Star Burger \\u0410\\u0440\\u0431\\u0430\\u0442 - \\u0428\\u0440\\u0438\\u043c\\u043f \\u0420\\u043e\\u043b\\u043b"}}]	2	1
15	2025-08-14 21:36:46.525+05	1	Заказ от  , по адресу: 	1	[{"added": {}}]	11	1
16	2025-08-14 21:36:52.147+05	1	Заказ от  , по адресу: 	3		11	1
17	2025-08-19 22:22:00.778+05	3	Заказ от Тимур -, по адресу: ...	3		11	1
18	2025-08-19 22:50:22.858+05	6	Заказ от Павел Чепик, по адресу: Сургут, Республики 71	3		11	1
19	2025-08-19 22:50:25.912+05	5	Заказ от Павел Чепик, по адресу: Сургут, Республики 71	3		11	1
20	2025-08-19 22:50:28.912+05	4	Заказ от Павел Чепик, по адресу: Сургут, Республики 71	3		11	1
21	2025-08-19 22:51:24.28+05	7	Заказ от Тимур -, по адресу: ...	3		11	1
22	2025-08-19 22:51:27.664+05	2	Заказ от Павел Чепик, по адресу: Сургут, Республики 71	3		11	1
23	2025-08-25 00:34:24.665+05	11	Заказ от Василий Васильевич, по адресу: Лондон	3		11	1
24	2025-08-25 00:34:28.119+05	10	Заказ от Василий Васильевич, по адресу: Лондон	3		11	1
25	2025-08-25 00:34:31.106+05	9	Заказ от Василий Васильевич, по адресу: Лондон	3		11	1
26	2025-08-25 00:34:34.06+05	12	Заказ от Василий Васильевич, по адресу: Лондон	3		11	1
27	2025-09-02 19:49:53.452+05	14	Заказ от Павел Чепик, по адресу: Сургут, Республики 71	3		11	1
28	2025-09-02 19:49:58.186+05	13	Заказ от Василий Васильевич, по адресу: Лондон	3		11	1
29	2025-09-02 19:50:27.96+05	15	Заказ от Павел Чепик, по адресу: ghnjmfyuhjmfyujm	1	[{"added": {}}, {"added": {"name": "\\u042d\\u043b\\u0435\\u043c\\u0435\\u043d\\u0442 \\u0437\\u0430\\u043a\\u0430\\u0437\\u0430", "object": "\\u0411\\u0435\\u043a\\u043e\\u043d\\u0430\\u0439\\u0437\\u0435\\u0440 x 3"}}]	11	1
30	2025-09-02 19:50:40.709+05	15	Заказ от Павел Чепик, по адресу: ghnjmfyuhjmfyujm	2	[{"changed": {"name": "\\u042d\\u043b\\u0435\\u043c\\u0435\\u043d\\u0442 \\u0437\\u0430\\u043a\\u0430\\u0437\\u0430", "object": "\\u0411\\u0435\\u043a\\u043e\\u043d\\u0430\\u0439\\u0437\\u0435\\u0440 x 3", "fields": ["\\u0426\\u0435\\u043d\\u0430 \\u043d\\u0430 \\u043c\\u043e\\u043c\\u0435\\u043d\\u0442 \\u0437\\u0430\\u043a\\u0430\\u0437\\u0430"]}}]	11	1
31	2025-09-02 19:50:53.69+05	15	Заказ от Павел Чепик, по адресу: ghnjmfyuhjmfyujm	2	[{"changed": {"name": "\\u042d\\u043b\\u0435\\u043c\\u0435\\u043d\\u0442 \\u0437\\u0430\\u043a\\u0430\\u0437\\u0430", "object": "\\u0411\\u0435\\u043a\\u043e\\u043d\\u0430\\u0439\\u0437\\u0435\\u0440 x 3", "fields": ["\\u0426\\u0435\\u043d\\u0430 \\u043d\\u0430 \\u043c\\u043e\\u043c\\u0435\\u043d\\u0442 \\u0437\\u0430\\u043a\\u0430\\u0437\\u0430"]}}]	11	1
32	2025-09-02 20:45:35.832+05	15	Заказ от Павел Чепик, по адресу: ghnjmfyuhjmfyujm	2	[{"changed": {"name": "\\u042d\\u043b\\u0435\\u043c\\u0435\\u043d\\u0442 \\u0437\\u0430\\u043a\\u0430\\u0437\\u0430", "object": "\\u0411\\u0435\\u043a\\u043e\\u043d\\u0430\\u0439\\u0437\\u0435\\u0440 x 1", "fields": ["\\u041a\\u043e\\u043b\\u0438\\u0447\\u0435\\u0441\\u0442\\u0432\\u043e", "\\u0426\\u0435\\u043d\\u0430 \\u043d\\u0430 \\u043c\\u043e\\u043c\\u0435\\u043d\\u0442 \\u0437\\u0430\\u043a\\u0430\\u0437\\u0430"]}}]	11	1
33	2025-09-02 20:45:41.524+05	15	Заказ от Павел Чепик, по адресу: ghnjmfyuhjmfyujm	2	[{"changed": {"name": "\\u042d\\u043b\\u0435\\u043c\\u0435\\u043d\\u0442 \\u0437\\u0430\\u043a\\u0430\\u0437\\u0430", "object": "\\u0411\\u0435\\u043a\\u043e\\u043d\\u0430\\u0439\\u0437\\u0435\\u0440 x 3", "fields": ["\\u041a\\u043e\\u043b\\u0438\\u0447\\u0435\\u0441\\u0442\\u0432\\u043e"]}}]	11	1
34	2025-09-02 20:47:52.401+05	15	Заказ от Павел Чепик, по адресу: ghnjmfyuhjmfyujm	2	[{"changed": {"name": "\\u042d\\u043b\\u0435\\u043c\\u0435\\u043d\\u0442 \\u0437\\u0430\\u043a\\u0430\\u0437\\u0430", "object": "\\u0411\\u0435\\u043a\\u043e\\u043d\\u0430\\u0439\\u0437\\u0435\\u0440 x 1", "fields": ["\\u041a\\u043e\\u043b\\u0438\\u0447\\u0435\\u0441\\u0442\\u0432\\u043e"]}}]	11	1
35	2025-09-02 20:50:32.093+05	15	Заказ от Павел Чепик, по адресу: ghnjmfyuhjmfyujm	2	[{"changed": {"name": "\\u042d\\u043b\\u0435\\u043c\\u0435\\u043d\\u0442 \\u0437\\u0430\\u043a\\u0430\\u0437\\u0430", "object": "\\u0411\\u0435\\u043a\\u043e\\u043d\\u0430\\u0439\\u0437\\u0435\\u0440 x 4", "fields": ["\\u041a\\u043e\\u043b\\u0438\\u0447\\u0435\\u0441\\u0442\\u0432\\u043e"]}}]	11	1
36	2025-09-02 21:00:04.734+05	2	Лонг Чизбургер	2	[{"changed": {"fields": ["\\u0426\\u0435\\u043d\\u0430"]}}]	1	1
37	2025-09-02 21:07:07.507+05	16	Заказ от Павел Чепик, по адресу: Сургут, Республики 71	2	[]	11	1
38	2025-09-02 21:07:16.997+05	2	Лонг Чизбургер	2	[{"changed": {"fields": ["\\u0426\\u0435\\u043d\\u0430"]}}]	1	1
39	2025-09-02 22:52:54.74+05	16	Заказ от Павел Чепик, по адресу: Сургут, Республики 71	3		11	1
40	2025-09-02 22:52:57.861+05	15	Заказ от Павел Чепик, по адресу: ghnjmfyuhjmfyujm	3		11	1
41	2025-09-02 22:53:14.55+05	17	Заказ от Павел Чепик, по адресу: Сургут, Республики 71	1	[{"added": {}}, {"added": {"name": "\\u042d\\u043b\\u0435\\u043c\\u0435\\u043d\\u0442 \\u0437\\u0430\\u043a\\u0430\\u0437\\u0430", "object": "\\u0411\\u0435\\u043a\\u043e\\u043d\\u0430\\u0439\\u0437\\u0435\\u0440 x 1"}}]	11	1
42	2025-09-02 22:53:26.212+05	4	Беконайзер	2	[{"changed": {"fields": ["\\u0426\\u0435\\u043d\\u0430"]}}]	1	1
43	2025-09-02 22:53:40.109+05	4	Беконайзер	2	[{"changed": {"fields": ["\\u0426\\u0435\\u043d\\u0430"]}}]	1	1
44	2025-09-05 00:19:15.544+05	18	Заказ от Павел Чепик, по адресу: Сургут, Республики 71	3		11	1
45	2025-09-05 00:19:29.771+05	19	Заказ от Павел Чепик, по адресу: Сургут, Республики 71	1	[{"added": {}}, {"added": {"name": "\\u042d\\u043b\\u0435\\u043c\\u0435\\u043d\\u0442 \\u0437\\u0430\\u043a\\u0430\\u0437\\u0430", "object": "\\u0428\\u0440\\u0438\\u043c\\u043f \\u0420\\u043e\\u043b\\u043b x 1"}}]	11	1
46	2025-09-05 00:19:51.596+05	6	Шримп Ролл	2	[{"changed": {"fields": ["\\u0426\\u0435\\u043d\\u0430"]}}]	1	1
47	2025-09-05 00:20:02.349+05	6	Шримп Ролл	2	[{"changed": {"fields": ["\\u0426\\u0435\\u043d\\u0430"]}}]	1	1
48	2025-09-06 01:33:37.476+05	17	Заказ от Павел Чепик, по адресу: Сургут, Республики 71	2	[]	11	1
49	2025-09-06 14:46:16.022+05	19	Заказ от Павел Чепик, по адресу: Сургут, Республики 71	2	[]	11	1
50	2025-09-07 14:47:30.833+05	19	Заказ от Павел Чепик, по адресу: Сургут, Республики 71	2	[{"changed": {"fields": ["\\u0421\\u043f\\u043e\\u0441\\u043e\\u0431 \\u043e\\u043f\\u043b\\u0430\\u0442\\u044b"]}}]	11	1
51	2025-09-07 14:47:35.615+05	17	Заказ от Павел Чепик, по адресу: Сургут, Республики 71	2	[{"changed": {"fields": ["\\u0421\\u043f\\u043e\\u0441\\u043e\\u0431 \\u043e\\u043f\\u043b\\u0430\\u0442\\u044b"]}}]	11	1
52	2025-09-07 16:02:54.997+05	2	Star Burger Цветной	2	[{"changed": {"name": "\\u043f\\u0443\\u043d\\u043a\\u0442 \\u043c\\u0435\\u043d\\u044e \\u0440\\u0435\\u0441\\u0442\\u043e\\u0440\\u0430\\u043d\\u0430", "object": "Star Burger \\u0426\\u0432\\u0435\\u0442\\u043d\\u043e\\u0439 - \\u041b\\u043e\\u043d\\u0433 \\u0427\\u0438\\u0437\\u0431\\u0443\\u0440\\u0433\\u0435\\u0440", "fields": ["\\u0412 \\u043f\\u0440\\u043e\\u0434\\u0430\\u0436\\u0435"]}}, {"changed": {"name": "\\u043f\\u0443\\u043d\\u043a\\u0442 \\u043c\\u0435\\u043d\\u044e \\u0440\\u0435\\u0441\\u0442\\u043e\\u0440\\u0430\\u043d\\u0430", "object": "Star Burger \\u0426\\u0432\\u0435\\u0442\\u043d\\u043e\\u0439 - \\u0422\\u0440\\u043e\\u0439\\u043d\\u043e\\u0439 \\u0412\\u043e\\u043f\\u043f\\u0435\\u0440", "fields": ["\\u0412 \\u043f\\u0440\\u043e\\u0434\\u0430\\u0436\\u0435"]}}, {"changed": {"name": "\\u043f\\u0443\\u043d\\u043a\\u0442 \\u043c\\u0435\\u043d\\u044e \\u0440\\u0435\\u0441\\u0442\\u043e\\u0440\\u0430\\u043d\\u0430", "object": "Star Burger \\u0426\\u0432\\u0435\\u0442\\u043d\\u043e\\u0439 - \\u0411\\u0435\\u043a\\u043e\\u043d\\u0430\\u0439\\u0437\\u0435\\u0440", "fields": ["\\u0412 \\u043f\\u0440\\u043e\\u0434\\u0430\\u0436\\u0435"]}}, {"changed": {"name": "\\u043f\\u0443\\u043d\\u043a\\u0442 \\u043c\\u0435\\u043d\\u044e \\u0440\\u0435\\u0441\\u0442\\u043e\\u0440\\u0430\\u043d\\u0430", "object": "Star Burger \\u0426\\u0432\\u0435\\u0442\\u043d\\u043e\\u0439 - \\u0424\\u0438\\u0448 \\u0420\\u043e\\u043b\\u043b", "fields": ["\\u0412 \\u043f\\u0440\\u043e\\u0434\\u0430\\u0436\\u0435"]}}]	2	1
53	2025-09-07 16:02:59.209+05	1	Star Burger Арбат	2	[{"changed": {"name": "\\u043f\\u0443\\u043d\\u043a\\u0442 \\u043c\\u0435\\u043d\\u044e \\u0440\\u0435\\u0441\\u0442\\u043e\\u0440\\u0430\\u043d\\u0430", "object": "Star Burger \\u0410\\u0440\\u0431\\u0430\\u0442 - \\u0421\\u0442\\u0435\\u0439\\u043a\\u0445\\u0430\\u0443\\u0441", "fields": ["\\u0412 \\u043f\\u0440\\u043e\\u0434\\u0430\\u0436\\u0435"]}}, {"changed": {"name": "\\u043f\\u0443\\u043d\\u043a\\u0442 \\u043c\\u0435\\u043d\\u044e \\u0440\\u0435\\u0441\\u0442\\u043e\\u0440\\u0430\\u043d\\u0430", "object": "Star Burger \\u0410\\u0440\\u0431\\u0430\\u0442 - \\u041b\\u043e\\u043d\\u0433 \\u0427\\u0438\\u0437\\u0431\\u0443\\u0440\\u0433\\u0435\\u0440", "fields": ["\\u0412 \\u043f\\u0440\\u043e\\u0434\\u0430\\u0436\\u0435"]}}, {"changed": {"name": "\\u043f\\u0443\\u043d\\u043a\\u0442 \\u043c\\u0435\\u043d\\u044e \\u0440\\u0435\\u0441\\u0442\\u043e\\u0440\\u0430\\u043d\\u0430", "object": "Star Burger \\u0410\\u0440\\u0431\\u0430\\u0442 - \\u0422\\u0440\\u043e\\u0439\\u043d\\u043e\\u0439 \\u0412\\u043e\\u043f\\u043f\\u0435\\u0440", "fields": ["\\u0412 \\u043f\\u0440\\u043e\\u0434\\u0430\\u0436\\u0435"]}}, {"changed": {"name": "\\u043f\\u0443\\u043d\\u043a\\u0442 \\u043c\\u0435\\u043d\\u044e \\u0440\\u0435\\u0441\\u0442\\u043e\\u0440\\u0430\\u043d\\u0430", "object": "Star Burger \\u0410\\u0440\\u0431\\u0430\\u0442 - \\u0411\\u0435\\u043a\\u043e\\u043d\\u0430\\u0439\\u0437\\u0435\\u0440", "fields": ["\\u0412 \\u043f\\u0440\\u043e\\u0434\\u0430\\u0436\\u0435"]}}]	2	1
54	2025-09-07 16:03:01.666+05	1	Star Burger Арбат	2	[]	2	1
55	2025-09-08 21:10:22.913+05	17	Заказ от Павел Чепик, по адресу: Сургут, Республики 71	2	[{"changed": {"fields": ["\\u0420\\u0435\\u0441\\u0442\\u043e\\u0440\\u0430\\u043d \\u0434\\u043b\\u044f \\u043f\\u0440\\u0438\\u0433\\u043e\\u0442\\u043e\\u0432\\u043b\\u0435\\u043d\\u0438\\u044f"]}}]	11	1
56	2025-09-08 22:10:19.783+05	19	Заказ от Павел Чепик, по адресу: Сургут, Республики 71	2	[{"changed": {"fields": ["\\u0420\\u0435\\u0441\\u0442\\u043e\\u0440\\u0430\\u043d \\u0434\\u043b\\u044f \\u043f\\u0440\\u0438\\u0433\\u043e\\u0442\\u043e\\u0432\\u043b\\u0435\\u043d\\u0438\\u044f"]}}]	11	1
57	2025-09-09 21:25:40.386+05	3	Star Burger Европейский	2	[{"changed": {"fields": ["\\u0428\\u0438\\u0440\\u043e\\u0442\\u0430", "\\u0414\\u043e\\u043b\\u0433\\u043e\\u0442\\u0430"]}}]	2	1
58	2025-09-09 21:25:51.369+05	2	Star Burger Цветной	2	[{"changed": {"fields": ["\\u0428\\u0438\\u0440\\u043e\\u0442\\u0430", "\\u0414\\u043e\\u043b\\u0433\\u043e\\u0442\\u0430"]}}]	2	1
59	2025-09-09 21:26:02.876+05	1	Star Burger Арбат	2	[{"changed": {"fields": ["\\u0428\\u0438\\u0440\\u043e\\u0442\\u0430", "\\u0414\\u043e\\u043b\\u0433\\u043e\\u0442\\u0430"]}}]	2	1
60	2025-09-10 01:24:32.927+05	20	Заказ от Павел Чепик, по адресу: Сургут, Республики 71	1	[{"added": {}}, {"added": {"name": "\\u042d\\u043b\\u0435\\u043c\\u0435\\u043d\\u0442 \\u0437\\u0430\\u043a\\u0430\\u0437\\u0430", "object": "\\u0421\\u0442\\u0435\\u0439\\u043a\\u0445\\u0430\\u0443\\u0441 x 1"}}, {"added": {"name": "\\u042d\\u043b\\u0435\\u043c\\u0435\\u043d\\u0442 \\u0437\\u0430\\u043a\\u0430\\u0437\\u0430", "object": "\\u0424\\u0438\\u0448 \\u0420\\u043e\\u043b\\u043b x 2"}}]	11	1
61	2025-09-10 01:25:06.78+05	20	Заказ от Павел Чепик, по адресу: Сургут, Республики 71	2	[]	11	1
62	2025-09-10 01:25:11.54+05	19	Заказ от Павел Чепик, по адресу: Сургут, Республики 71	3		11	1
63	2025-09-10 01:25:15.484+05	17	Заказ от Павел Чепик, по адресу: Сургут, Республики 71	3		11	1
64	2025-09-10 01:25:18.934+05	20	Заказ от Павел Чепик, по адресу: Сургут, Республики 71	3		11	1
65	2025-09-10 01:25:40.879+05	21	Заказ от Павел Чепик, по адресу: Сургут, Республики 71	1	[{"added": {}}, {"added": {"name": "\\u042d\\u043b\\u0435\\u043c\\u0435\\u043d\\u0442 \\u0437\\u0430\\u043a\\u0430\\u0437\\u0430", "object": "\\u0424\\u0438\\u0448 \\u0420\\u043e\\u043b\\u043b x 1"}}, {"added": {"name": "\\u042d\\u043b\\u0435\\u043c\\u0435\\u043d\\u0442 \\u0437\\u0430\\u043a\\u0430\\u0437\\u0430", "object": "\\u0411\\u0435\\u043a\\u043e\\u043d\\u0430\\u0439\\u0437\\u0435\\u0440 x 1"}}]	11	1
66	2025-09-10 01:48:15.792+05	21	Заказ от Павел Чепик, по адресу: Сургут, Республики 71	2	[{"changed": {"fields": ["\\u0421\\u0442\\u0430\\u0442\\u0443\\u0441"]}}]	11	1
67	2025-09-10 01:52:43.316+05	22	Заказ от Павел Чепик, по адресу: Москва, Улица Покровка, 1/13/6 ст2 · Девяткин пере	1	[{"added": {}}, {"added": {"name": "\\u042d\\u043b\\u0435\\u043c\\u0435\\u043d\\u0442 \\u0437\\u0430\\u043a\\u0430\\u0437\\u0430", "object": "\\u0422\\u0440\\u043e\\u0439\\u043d\\u043e\\u0439 \\u0412\\u043e\\u043f\\u043f\\u0435\\u0440 x 2"}}, {"added": {"name": "\\u042d\\u043b\\u0435\\u043c\\u0435\\u043d\\u0442 \\u0437\\u0430\\u043a\\u0430\\u0437\\u0430", "object": "\\u0424\\u0438\\u0448 \\u0420\\u043e\\u043b\\u043b x 1"}}]	11	1
68	2025-09-10 01:54:19.707+05	22	Заказ от Павел Чепик, по адресу: wiu4thw894tnio	2	[{"changed": {"fields": ["\\u0410\\u0434\\u0440\\u0435\\u0441"]}}]	11	1
69	2025-09-10 19:40:34.151+05	22	Заказ от Павел Чепик, по адресу: Африка	2	[{"changed": {"fields": ["\\u0410\\u0434\\u0440\\u0435\\u0441"]}}]	11	1
70	2025-09-10 19:40:39.563+05	22	Заказ от Павел Чепик, по адресу: Африка	2	[]	11	1
\.


--
-- Data for Name: django_content_type; Type: TABLE DATA; Schema: public; Owner: pavel
--

COPY public.django_content_type (id, app_label, model) FROM stdin;
1	foodcartapp	product
2	foodcartapp	restaurant
3	foodcartapp	restaurantmenuitem
4	foodcartapp	productcategory
5	foodcartapp	order
6	foodcartapp	orderitem
7	admin	logentry
8	auth	permission
9	auth	group
10	auth	user
11	contenttypes	contenttype
12	sessions	session
13	geocoder_cache	cachedlocation
\.


--
-- Data for Name: django_migrations; Type: TABLE DATA; Schema: public; Owner: pavel
--

COPY public.django_migrations (id, app, name, applied) FROM stdin;
1	contenttypes	0001_initial	2025-11-03 20:15:31.064109+05
2	auth	0001_initial	2025-11-03 20:15:31.106798+05
3	admin	0001_initial	2025-11-03 20:15:31.119717+05
4	admin	0002_logentry_remove_auto_add	2025-11-03 20:15:31.123929+05
5	admin	0003_logentry_add_action_flag_choices	2025-11-03 20:15:31.130494+05
6	contenttypes	0002_remove_content_type_name	2025-11-03 20:15:31.139205+05
7	auth	0002_alter_permission_name_max_length	2025-11-03 20:15:31.143137+05
8	auth	0003_alter_user_email_max_length	2025-11-03 20:15:31.147827+05
9	auth	0004_alter_user_username_opts	2025-11-03 20:15:31.151485+05
10	auth	0005_alter_user_last_login_null	2025-11-03 20:15:31.155697+05
11	auth	0006_require_contenttypes_0002	2025-11-03 20:15:31.156389+05
12	auth	0007_alter_validators_add_error_messages	2025-11-03 20:15:31.159978+05
13	auth	0008_alter_user_username_max_length	2025-11-03 20:15:31.168291+05
14	auth	0009_alter_user_last_name_max_length	2025-11-03 20:15:31.172539+05
15	auth	0010_alter_group_name_max_length	2025-11-03 20:15:31.17735+05
16	auth	0011_update_proxy_permissions	2025-11-03 20:15:31.180953+05
17	auth	0012_alter_user_first_name_max_length	2025-11-03 20:15:31.185525+05
18	foodcartapp	0001_initial	2025-11-03 20:15:31.24253+05
19	foodcartapp	0002_auto_20200619_0836	2025-11-03 20:15:31.378409+05
20	foodcartapp	0003_auto_20200619_0838	2025-11-03 20:15:31.400959+05
21	foodcartapp	0004_auto_20200619_0843	2025-11-03 20:15:31.405062+05
22	foodcartapp	0005_auto_20200619_0845	2025-11-03 20:15:31.414523+05
23	foodcartapp	0006_auto_20200619_0849	2025-11-03 20:15:31.423519+05
24	foodcartapp	0007_auto_20200619_0849	2025-11-03 20:15:31.434877+05
25	foodcartapp	0008_hotel_city	2025-11-03 20:15:31.443776+05
26	foodcartapp	0009_auto_20200619_0919	2025-11-03 20:15:31.450722+05
27	foodcartapp	0010_auto_20200619_0921	2025-11-03 20:15:31.460947+05
28	foodcartapp	0011_auto_20200619_0922	2025-11-03 20:15:31.472934+05
29	foodcartapp	0012_auto_20200619_0924	2025-11-03 20:15:31.475923+05
30	foodcartapp	0013_auto_20200619_0932	2025-11-03 20:15:31.495368+05
31	foodcartapp	0014_auto_20200619_0934	2025-11-03 20:15:31.519365+05
32	foodcartapp	0015_auto_20200619_0935	2025-11-03 20:15:31.525435+05
33	foodcartapp	0016_restaurant_new_admin	2025-11-03 20:15:31.534472+05
34	foodcartapp	0017_auto_20200619_0945	2025-11-03 20:15:31.541619+05
35	foodcartapp	0018_remove_restaurant_admin	2025-11-03 20:15:31.550408+05
36	foodcartapp	0019_auto_20200619_0948	2025-11-03 20:15:31.560137+05
37	foodcartapp	0020_auto_20200619_0959	2025-11-03 20:15:31.563404+05
38	foodcartapp	0021_auto_20200619_1002	2025-11-03 20:15:31.567365+05
39	foodcartapp	0022_auto_20200619_1003	2025-11-03 20:15:31.570644+05
40	foodcartapp	0023_auto_20200620_0942	2025-11-03 20:15:31.601256+05
41	foodcartapp	0024_product_ingridients	2025-11-03 20:15:31.612272+05
42	foodcartapp	0025_auto_20200629_1004	2025-11-03 20:15:31.622004+05
43	foodcartapp	0026_restaurantmenuitem	2025-11-03 20:15:31.635886+05
44	foodcartapp	0027_auto_20200629_1022	2025-11-03 20:15:31.640719+05
45	foodcartapp	0028_auto_20200629_1024	2025-11-03 20:15:31.651512+05
46	foodcartapp	0029_remove_product_category	2025-11-03 20:15:31.655082+05
47	foodcartapp	0030_auto_20200629_1341	2025-11-03 20:15:31.668975+05
48	foodcartapp	0031_auto_20200703_0612	2025-11-03 20:15:31.678519+05
49	foodcartapp	0032_remove_restaurant_admin	2025-11-03 20:15:31.686851+05
50	foodcartapp	0033_auto_20200928_1930	2025-11-03 20:15:31.690503+05
51	foodcartapp	0034_auto_20200928_1930	2025-11-03 20:15:31.692722+05
52	foodcartapp	0035_auto_20200928_1941	2025-11-03 20:15:31.696406+05
53	foodcartapp	0036_auto_20210125_1532	2025-11-03 20:15:31.700473+05
54	foodcartapp	0037_auto_20210125_1833	2025-11-03 20:15:31.703372+05
55	foodcartapp	0038_order_orderitem	2025-11-03 20:15:31.718129+05
56	foodcartapp	0039_alter_order_address_alter_order_first_name_and_more	2025-11-03 20:15:31.721915+05
57	foodcartapp	0040_alter_order_last_name	2025-11-03 20:15:31.723716+05
58	foodcartapp	0041_rename_first_name_order_firstname_and_more	2025-11-03 20:15:31.728303+05
59	foodcartapp	0042_orderitem_price_alter_orderitem_order_and_more	2025-11-03 20:15:31.737731+05
60	foodcartapp	0043_auto_20250902_2307	2025-11-03 20:15:31.745475+05
61	foodcartapp	0044_order_status	2025-11-03 20:15:31.749579+05
62	foodcartapp	0045_order_comments_alter_order_lastname	2025-11-03 20:15:31.754686+05
63	foodcartapp	0046_order_called_at_order_delivered_at_and_more	2025-11-03 20:15:31.762403+05
64	foodcartapp	0047_order_payment_method	2025-11-03 20:15:31.767012+05
65	foodcartapp	0048_alter_order_payment_method	2025-11-03 20:15:31.768974+05
66	foodcartapp	0049_alter_order_payment_method	2025-11-03 20:15:31.771217+05
67	foodcartapp	0050_order_cooking_restaurant	2025-11-03 20:15:31.776483+05
68	foodcartapp	0051_restaurant_lat_restaurant_lon	2025-11-03 20:15:31.780427+05
69	foodcartapp	0052_rename_registated_at_order_registered_at	2025-11-03 20:15:31.783283+05
70	foodcartapp	0053_alter_orderitem_price	2025-11-03 20:15:31.78634+05
71	geocoder_cache	0001_initial	2025-11-03 20:15:31.793224+05
72	sessions	0001_initial	2025-11-03 20:15:31.798495+05
\.


--
-- Data for Name: django_session; Type: TABLE DATA; Schema: public; Owner: pavel
--

COPY public.django_session (session_key, session_data, expire_date) FROM stdin;
5sk2if1eh8in4u0p12z044l66fd0lser	.eJxVjMsOwiAQRf-FtSHglMe4dO83kAEGqRqalHZl_HfbpAvd3nPOfYtA61LD2nkOYxYXocXpd4uUntx2kB_U7pNMU1vmMcpdkQft8jZlfl0P9--gUq9bzcXoeKYBEiIUsIXBAGaOoLyKij2SHpRxnBE24q1TaBM6z8Qe2IjPF9uGN18:1uoQ1s:_CsZmuwH_naLjTgM9dLMCeAozAO49tP39HIQDR_dG8A	2025-09-02 22:21:48.078+05
jiq5l4e4z3j4g5fvl1l3oddj591dma48	.eJxVjMsOwiAQRf-FtSHglMe4dO83kAEGqRqalHZl_HfbpAvd3nPOfYtA61LD2nkOYxYXocXpd4uUntx2kB_U7pNMU1vmMcpdkQft8jZlfl0P9--gUq9bzcXoeKYBEiIUsIXBAGaOoLyKij2SHpRxnBE24q1TaBM6z8Qe2IjPF9uGN18:1utRU1:HBTPffrrPxHTLvsK80KxeiJLSICqfhbfJ6qPzZd4B24	2025-09-16 18:55:37.51+05
xp19zhn97cn9v1w8zajhgqwn6eq8vsq9	.eJxVjMsOwiAQRf-FtSHglMe4dO83kAEGqRqalHZl_HfbpAvd3nPOfYtA61LD2nkOYxYXocXpd4uUntx2kB_U7pNMU1vmMcpdkQft8jZlfl0P9--gUq9bzcXoeKYBEiIUsIXBAGaOoLyKij2SHpRxnBE24q1TaBM6z8Qe2IjPF9uGN18:1ujHyI:3KhYxfENeDpm2xJIzrMQOpqyaNgakGakUsEuEGSU6xk	2025-08-19 18:44:54.485+05
q242aekuu484r227lyioo2lozxk7jlrj	.eJxVjMsOwiAQRf-FtSHglMe4dO83kAEGqRqalHZl_HfbpAvd3nPOfYtA61LD2nkOYxYXocXpd4uUntx2kB_U7pNMU1vmMcpdkQft8jZlfl0P9--gUq9bzcXoeKYBEiIUsIXBAGaOoLyKij2SHpRxnBE24q1TaBM6z8Qe2IjPF9uGN18:1vFwIe:9t_PJo5l-qyhCWRDBwlMwdn5CT_sHuvGEgilKS4hWkM	2025-11-17 20:16:52.057721+05
\.


--
-- Data for Name: foodcartapp_order; Type: TABLE DATA; Schema: public; Owner: pavel
--

COPY public.foodcartapp_order (id, address, firstname, lastname, phonenumber, status, comments, called_at, delivered_at, registered_at, payment_method, cooking_restaurant_id) FROM stdin;
21	Сургут, Республики 71	Павел	Чепик	+79821453289	unprocessed	dth	\N	\N	2025-09-10 01:25:20+05	unprocessed	\N
22	Африка	Павел	Чепик	+79821453289	unprocessed		\N	\N	2025-09-10 01:51:50+05	unprocessed	\N
\.


--
-- Data for Name: foodcartapp_orderitem; Type: TABLE DATA; Schema: public; Owner: pavel
--

COPY public.foodcartapp_orderitem (id, quantity, order_id, product_id, price) FROM stdin;
24	1	21	5	199.00
25	1	21	4	319.00
26	2	22	3	369.00
27	1	22	5	199.00
\.


--
-- Data for Name: foodcartapp_product; Type: TABLE DATA; Schema: public; Owner: pavel
--

COPY public.foodcartapp_product (id, name, price, image, special_status, description, category_id) FROM stdin;
1	Стейкхаус	269.00	steak.jpg	f	Стейкхаус – это сочетание нашей фирменной, приготовленной на огне 100% говядины с ломтиками бекона и соусом «Барбекю», майонезом, листьями свежего салата, помидором и хрустящим луком на воздушной було	1
2	Лонг Чизбургер	219.00	long_chiz.jpg	f	Лонг Чизбургер – эталон в коллекции чизбургеров! Два приготовленных на огне бифштекса с двумя ломтиками слегка расплавленного сыра, хрустящими огурчиками, рубленым луком, горчицей и кетчупом на длинно	1
3	Тройной Воппер	369.00	triple_vopper.jpg	f	ВОППЕР® — это вкуснейшая приготовленная на огне 100% говядина с сочными помидорами, свежим нарезанным листовым салатом, густым майонезом, хрустящими маринованными огурчиками и свежим луком на нежной б	1
4	Беконайзер	319.00	beconizer.jpg	f	Встречай самый внушительный бургер в коллекции Бургер Кинг. Много мяса, много бекона и много сыра - все, как ты любишь, и ничего лишнего!	1
5	Фиш Ролл	199.00	fish_roll.jpg	f	Наш новый ролл с аппетитной котлеткой из филе белой рыбы, с фирменным соусом, маринованными огурчиками и хрустящим салатом. Легкое рыбное удовольствие!	2
6	Шримп Ролл	209.00	shrimp_roll.jpg	f	Легкий ролл с нежными королевскими креветками в хрустящей панировке, свежий салат Айсберг и ломтик сыра в пшеничной лепешке под фирменным соусом «Кинг». Внимание! Блюдо содержит аллергены – морепродук	2
\.


--
-- Data for Name: foodcartapp_productcategory; Type: TABLE DATA; Schema: public; Owner: pavel
--

COPY public.foodcartapp_productcategory (id, name) FROM stdin;
1	Бургер
2	Ролл
\.


--
-- Data for Name: foodcartapp_restaurant; Type: TABLE DATA; Schema: public; Owner: pavel
--

COPY public.foodcartapp_restaurant (id, name, address, contact_phone, lat, lon) FROM stdin;
1	Star Burger Арбат	Москва, ул. Новый Арбат, 15	+7 (967) 157-44-13	55.751933	37.593066
2	Star Burger Цветной	Москва, Цветной бульвар, 11с2	+7 (929) 949-55-36	55.770076	37.620429
3	Star Burger Европейский	Москва, пл. Киевского Вокзала, 2	+7 (929) 680-47-58	55.744637	37.566072
\.


--
-- Data for Name: foodcartapp_restaurantmenuitem; Type: TABLE DATA; Schema: public; Owner: pavel
--

COPY public.foodcartapp_restaurantmenuitem (id, availability, product_id, restaurant_id) FROM stdin;
1	t	1	3
2	t	2	3
3	t	3	3
4	t	4	3
5	t	5	3
6	t	6	3
7	t	1	2
8	f	2	2
9	f	3	2
10	f	4	2
11	f	5	2
12	t	6	2
13	f	1	1
14	f	2	1
15	f	3	1
16	f	4	1
17	t	5	1
18	t	6	1
\.


--
-- Data for Name: geocoder_cache_cachedlocation; Type: TABLE DATA; Schema: public; Owner: pavel
--

COPY public.geocoder_cache_cachedlocation (id, address, latitude, longitude, created_at, updated_at) FROM stdin;
1	Сургут, Республики 71	61.24341	73.385576	2025-09-10 19:39:35.846+05	2025-09-10 19:39:35.846+05
2	Москва, пл. Киевского Вокзала, 2	55.744637	37.566072	2025-09-10 19:39:36.063+05	2025-09-10 19:39:36.063+05
3	Африка	41.670179	44.917597	2025-09-10 19:40:45.113+05	2025-09-10 19:40:45.113+05
\.


--
-- Name: auth_group_id_seq; Type: SEQUENCE SET; Schema: public; Owner: pavel
--

SELECT pg_catalog.setval('public.auth_group_id_seq', 1, false);


--
-- Name: auth_group_permissions_id_seq; Type: SEQUENCE SET; Schema: public; Owner: pavel
--

SELECT pg_catalog.setval('public.auth_group_permissions_id_seq', 1, false);


--
-- Name: auth_permission_id_seq; Type: SEQUENCE SET; Schema: public; Owner: pavel
--

SELECT pg_catalog.setval('public.auth_permission_id_seq', 52, true);


--
-- Name: auth_user_groups_id_seq; Type: SEQUENCE SET; Schema: public; Owner: pavel
--

SELECT pg_catalog.setval('public.auth_user_groups_id_seq', 1, false);


--
-- Name: auth_user_id_seq; Type: SEQUENCE SET; Schema: public; Owner: pavel
--

SELECT pg_catalog.setval('public.auth_user_id_seq', 1, true);


--
-- Name: auth_user_user_permissions_id_seq; Type: SEQUENCE SET; Schema: public; Owner: pavel
--

SELECT pg_catalog.setval('public.auth_user_user_permissions_id_seq', 1, false);


--
-- Name: django_admin_log_id_seq; Type: SEQUENCE SET; Schema: public; Owner: pavel
--

SELECT pg_catalog.setval('public.django_admin_log_id_seq', 70, true);


--
-- Name: django_content_type_id_seq; Type: SEQUENCE SET; Schema: public; Owner: pavel
--

SELECT pg_catalog.setval('public.django_content_type_id_seq', 13, true);


--
-- Name: django_migrations_id_seq; Type: SEQUENCE SET; Schema: public; Owner: pavel
--

SELECT pg_catalog.setval('public.django_migrations_id_seq', 72, true);


--
-- Name: foodcartapp_hotel_id_seq; Type: SEQUENCE SET; Schema: public; Owner: pavel
--

SELECT pg_catalog.setval('public.foodcartapp_hotel_id_seq', 3, true);


--
-- Name: foodcartapp_order_id_seq; Type: SEQUENCE SET; Schema: public; Owner: pavel
--

SELECT pg_catalog.setval('public.foodcartapp_order_id_seq', 22, true);


--
-- Name: foodcartapp_orderitem_id_seq; Type: SEQUENCE SET; Schema: public; Owner: pavel
--

SELECT pg_catalog.setval('public.foodcartapp_orderitem_id_seq', 27, true);


--
-- Name: foodcartapp_product_id_seq; Type: SEQUENCE SET; Schema: public; Owner: pavel
--

SELECT pg_catalog.setval('public.foodcartapp_product_id_seq', 6, true);


--
-- Name: foodcartapp_productcategory_id_seq; Type: SEQUENCE SET; Schema: public; Owner: pavel
--

SELECT pg_catalog.setval('public.foodcartapp_productcategory_id_seq', 2, true);


--
-- Name: foodcartapp_restaurantmenuitem_id_seq; Type: SEQUENCE SET; Schema: public; Owner: pavel
--

SELECT pg_catalog.setval('public.foodcartapp_restaurantmenuitem_id_seq', 18, true);


--
-- Name: geocoder_cache_cachedlocation_id_seq; Type: SEQUENCE SET; Schema: public; Owner: pavel
--

SELECT pg_catalog.setval('public.geocoder_cache_cachedlocation_id_seq', 3, true);


--
-- Name: auth_group auth_group_name_key; Type: CONSTRAINT; Schema: public; Owner: pavel
--

ALTER TABLE ONLY public.auth_group
    ADD CONSTRAINT auth_group_name_key UNIQUE (name);


--
-- Name: auth_group_permissions auth_group_permissions_group_id_permission_id_0cd325b0_uniq; Type: CONSTRAINT; Schema: public; Owner: pavel
--

ALTER TABLE ONLY public.auth_group_permissions
    ADD CONSTRAINT auth_group_permissions_group_id_permission_id_0cd325b0_uniq UNIQUE (group_id, permission_id);


--
-- Name: auth_group_permissions auth_group_permissions_pkey; Type: CONSTRAINT; Schema: public; Owner: pavel
--

ALTER TABLE ONLY public.auth_group_permissions
    ADD CONSTRAINT auth_group_permissions_pkey PRIMARY KEY (id);


--
-- Name: auth_group auth_group_pkey; Type: CONSTRAINT; Schema: public; Owner: pavel
--

ALTER TABLE ONLY public.auth_group
    ADD CONSTRAINT auth_group_pkey PRIMARY KEY (id);


--
-- Name: auth_permission auth_permission_content_type_id_codename_01ab375a_uniq; Type: CONSTRAINT; Schema: public; Owner: pavel
--

ALTER TABLE ONLY public.auth_permission
    ADD CONSTRAINT auth_permission_content_type_id_codename_01ab375a_uniq UNIQUE (content_type_id, codename);


--
-- Name: auth_permission auth_permission_pkey; Type: CONSTRAINT; Schema: public; Owner: pavel
--

ALTER TABLE ONLY public.auth_permission
    ADD CONSTRAINT auth_permission_pkey PRIMARY KEY (id);


--
-- Name: auth_user_groups auth_user_groups_pkey; Type: CONSTRAINT; Schema: public; Owner: pavel
--

ALTER TABLE ONLY public.auth_user_groups
    ADD CONSTRAINT auth_user_groups_pkey PRIMARY KEY (id);


--
-- Name: auth_user_groups auth_user_groups_user_id_group_id_94350c0c_uniq; Type: CONSTRAINT; Schema: public; Owner: pavel
--

ALTER TABLE ONLY public.auth_user_groups
    ADD CONSTRAINT auth_user_groups_user_id_group_id_94350c0c_uniq UNIQUE (user_id, group_id);


--
-- Name: auth_user auth_user_pkey; Type: CONSTRAINT; Schema: public; Owner: pavel
--

ALTER TABLE ONLY public.auth_user
    ADD CONSTRAINT auth_user_pkey PRIMARY KEY (id);


--
-- Name: auth_user_user_permissions auth_user_user_permissions_pkey; Type: CONSTRAINT; Schema: public; Owner: pavel
--

ALTER TABLE ONLY public.auth_user_user_permissions
    ADD CONSTRAINT auth_user_user_permissions_pkey PRIMARY KEY (id);


--
-- Name: auth_user_user_permissions auth_user_user_permissions_user_id_permission_id_14a6b632_uniq; Type: CONSTRAINT; Schema: public; Owner: pavel
--

ALTER TABLE ONLY public.auth_user_user_permissions
    ADD CONSTRAINT auth_user_user_permissions_user_id_permission_id_14a6b632_uniq UNIQUE (user_id, permission_id);


--
-- Name: auth_user auth_user_username_key; Type: CONSTRAINT; Schema: public; Owner: pavel
--

ALTER TABLE ONLY public.auth_user
    ADD CONSTRAINT auth_user_username_key UNIQUE (username);


--
-- Name: django_admin_log django_admin_log_pkey; Type: CONSTRAINT; Schema: public; Owner: pavel
--

ALTER TABLE ONLY public.django_admin_log
    ADD CONSTRAINT django_admin_log_pkey PRIMARY KEY (id);


--
-- Name: django_content_type django_content_type_app_label_model_76bd3d3b_uniq; Type: CONSTRAINT; Schema: public; Owner: pavel
--

ALTER TABLE ONLY public.django_content_type
    ADD CONSTRAINT django_content_type_app_label_model_76bd3d3b_uniq UNIQUE (app_label, model);


--
-- Name: django_content_type django_content_type_pkey; Type: CONSTRAINT; Schema: public; Owner: pavel
--

ALTER TABLE ONLY public.django_content_type
    ADD CONSTRAINT django_content_type_pkey PRIMARY KEY (id);


--
-- Name: django_migrations django_migrations_pkey; Type: CONSTRAINT; Schema: public; Owner: pavel
--

ALTER TABLE ONLY public.django_migrations
    ADD CONSTRAINT django_migrations_pkey PRIMARY KEY (id);


--
-- Name: django_session django_session_pkey; Type: CONSTRAINT; Schema: public; Owner: pavel
--

ALTER TABLE ONLY public.django_session
    ADD CONSTRAINT django_session_pkey PRIMARY KEY (session_key);


--
-- Name: foodcartapp_restaurant foodcartapp_hotel_pkey; Type: CONSTRAINT; Schema: public; Owner: pavel
--

ALTER TABLE ONLY public.foodcartapp_restaurant
    ADD CONSTRAINT foodcartapp_hotel_pkey PRIMARY KEY (id);


--
-- Name: foodcartapp_order foodcartapp_order_pkey; Type: CONSTRAINT; Schema: public; Owner: pavel
--

ALTER TABLE ONLY public.foodcartapp_order
    ADD CONSTRAINT foodcartapp_order_pkey PRIMARY KEY (id);


--
-- Name: foodcartapp_orderitem foodcartapp_orderitem_pkey; Type: CONSTRAINT; Schema: public; Owner: pavel
--

ALTER TABLE ONLY public.foodcartapp_orderitem
    ADD CONSTRAINT foodcartapp_orderitem_pkey PRIMARY KEY (id);


--
-- Name: foodcartapp_product foodcartapp_product_pkey; Type: CONSTRAINT; Schema: public; Owner: pavel
--

ALTER TABLE ONLY public.foodcartapp_product
    ADD CONSTRAINT foodcartapp_product_pkey PRIMARY KEY (id);


--
-- Name: foodcartapp_productcategory foodcartapp_productcategory_pkey; Type: CONSTRAINT; Schema: public; Owner: pavel
--

ALTER TABLE ONLY public.foodcartapp_productcategory
    ADD CONSTRAINT foodcartapp_productcategory_pkey PRIMARY KEY (id);


--
-- Name: foodcartapp_restaurantmenuitem foodcartapp_restaurantme_restaurant_id_product_id_e3271626_uniq; Type: CONSTRAINT; Schema: public; Owner: pavel
--

ALTER TABLE ONLY public.foodcartapp_restaurantmenuitem
    ADD CONSTRAINT foodcartapp_restaurantme_restaurant_id_product_id_e3271626_uniq UNIQUE (restaurant_id, product_id);


--
-- Name: foodcartapp_restaurantmenuitem foodcartapp_restaurantmenuitem_pkey; Type: CONSTRAINT; Schema: public; Owner: pavel
--

ALTER TABLE ONLY public.foodcartapp_restaurantmenuitem
    ADD CONSTRAINT foodcartapp_restaurantmenuitem_pkey PRIMARY KEY (id);


--
-- Name: geocoder_cache_cachedlocation geocoder_cache_cachedlocation_address_key; Type: CONSTRAINT; Schema: public; Owner: pavel
--

ALTER TABLE ONLY public.geocoder_cache_cachedlocation
    ADD CONSTRAINT geocoder_cache_cachedlocation_address_key UNIQUE (address);


--
-- Name: geocoder_cache_cachedlocation geocoder_cache_cachedlocation_pkey; Type: CONSTRAINT; Schema: public; Owner: pavel
--

ALTER TABLE ONLY public.geocoder_cache_cachedlocation
    ADD CONSTRAINT geocoder_cache_cachedlocation_pkey PRIMARY KEY (id);


--
-- Name: auth_group_name_a6ea08ec_like; Type: INDEX; Schema: public; Owner: pavel
--

CREATE INDEX auth_group_name_a6ea08ec_like ON public.auth_group USING btree (name varchar_pattern_ops);


--
-- Name: auth_group_permissions_group_id_b120cbf9; Type: INDEX; Schema: public; Owner: pavel
--

CREATE INDEX auth_group_permissions_group_id_b120cbf9 ON public.auth_group_permissions USING btree (group_id);


--
-- Name: auth_group_permissions_permission_id_84c5c92e; Type: INDEX; Schema: public; Owner: pavel
--

CREATE INDEX auth_group_permissions_permission_id_84c5c92e ON public.auth_group_permissions USING btree (permission_id);


--
-- Name: auth_permission_content_type_id_2f476e4b; Type: INDEX; Schema: public; Owner: pavel
--

CREATE INDEX auth_permission_content_type_id_2f476e4b ON public.auth_permission USING btree (content_type_id);


--
-- Name: auth_user_groups_group_id_97559544; Type: INDEX; Schema: public; Owner: pavel
--

CREATE INDEX auth_user_groups_group_id_97559544 ON public.auth_user_groups USING btree (group_id);


--
-- Name: auth_user_groups_user_id_6a12ed8b; Type: INDEX; Schema: public; Owner: pavel
--

CREATE INDEX auth_user_groups_user_id_6a12ed8b ON public.auth_user_groups USING btree (user_id);


--
-- Name: auth_user_user_permissions_permission_id_1fbb5f2c; Type: INDEX; Schema: public; Owner: pavel
--

CREATE INDEX auth_user_user_permissions_permission_id_1fbb5f2c ON public.auth_user_user_permissions USING btree (permission_id);


--
-- Name: auth_user_user_permissions_user_id_a95ead1b; Type: INDEX; Schema: public; Owner: pavel
--

CREATE INDEX auth_user_user_permissions_user_id_a95ead1b ON public.auth_user_user_permissions USING btree (user_id);


--
-- Name: auth_user_username_6821ab7c_like; Type: INDEX; Schema: public; Owner: pavel
--

CREATE INDEX auth_user_username_6821ab7c_like ON public.auth_user USING btree (username varchar_pattern_ops);


--
-- Name: django_admin_log_content_type_id_c4bce8eb; Type: INDEX; Schema: public; Owner: pavel
--

CREATE INDEX django_admin_log_content_type_id_c4bce8eb ON public.django_admin_log USING btree (content_type_id);


--
-- Name: django_admin_log_user_id_c564eba6; Type: INDEX; Schema: public; Owner: pavel
--

CREATE INDEX django_admin_log_user_id_c564eba6 ON public.django_admin_log USING btree (user_id);


--
-- Name: django_session_expire_date_a5c62663; Type: INDEX; Schema: public; Owner: pavel
--

CREATE INDEX django_session_expire_date_a5c62663 ON public.django_session USING btree (expire_date);


--
-- Name: django_session_session_key_c0390e0f_like; Type: INDEX; Schema: public; Owner: pavel
--

CREATE INDEX django_session_session_key_c0390e0f_like ON public.django_session USING btree (session_key varchar_pattern_ops);


--
-- Name: foodcartapp_order_called_at_7b5c797d; Type: INDEX; Schema: public; Owner: pavel
--

CREATE INDEX foodcartapp_order_called_at_7b5c797d ON public.foodcartapp_order USING btree (called_at);


--
-- Name: foodcartapp_order_cooking_restaurant_id_b9240f7a; Type: INDEX; Schema: public; Owner: pavel
--

CREATE INDEX foodcartapp_order_cooking_restaurant_id_b9240f7a ON public.foodcartapp_order USING btree (cooking_restaurant_id);


--
-- Name: foodcartapp_order_delivered_at_afa25a67; Type: INDEX; Schema: public; Owner: pavel
--

CREATE INDEX foodcartapp_order_delivered_at_afa25a67 ON public.foodcartapp_order USING btree (delivered_at);


--
-- Name: foodcartapp_order_last_name_e2711418; Type: INDEX; Schema: public; Owner: pavel
--

CREATE INDEX foodcartapp_order_last_name_e2711418 ON public.foodcartapp_order USING btree (lastname);


--
-- Name: foodcartapp_order_last_name_e2711418_like; Type: INDEX; Schema: public; Owner: pavel
--

CREATE INDEX foodcartapp_order_last_name_e2711418_like ON public.foodcartapp_order USING btree (lastname varchar_pattern_ops);


--
-- Name: foodcartapp_order_payment_method_4f803fc6; Type: INDEX; Schema: public; Owner: pavel
--

CREATE INDEX foodcartapp_order_payment_method_4f803fc6 ON public.foodcartapp_order USING btree (payment_method);


--
-- Name: foodcartapp_order_payment_method_4f803fc6_like; Type: INDEX; Schema: public; Owner: pavel
--

CREATE INDEX foodcartapp_order_payment_method_4f803fc6_like ON public.foodcartapp_order USING btree (payment_method varchar_pattern_ops);


--
-- Name: foodcartapp_order_phone_number_a1164017; Type: INDEX; Schema: public; Owner: pavel
--

CREATE INDEX foodcartapp_order_phone_number_a1164017 ON public.foodcartapp_order USING btree (phonenumber);


--
-- Name: foodcartapp_order_phone_number_a1164017_like; Type: INDEX; Schema: public; Owner: pavel
--

CREATE INDEX foodcartapp_order_phone_number_a1164017_like ON public.foodcartapp_order USING btree (phonenumber varchar_pattern_ops);


--
-- Name: foodcartapp_order_registated_at_fa18f186; Type: INDEX; Schema: public; Owner: pavel
--

CREATE INDEX foodcartapp_order_registated_at_fa18f186 ON public.foodcartapp_order USING btree (registered_at);


--
-- Name: foodcartapp_order_status_65884383; Type: INDEX; Schema: public; Owner: pavel
--

CREATE INDEX foodcartapp_order_status_65884383 ON public.foodcartapp_order USING btree (status);


--
-- Name: foodcartapp_order_status_65884383_like; Type: INDEX; Schema: public; Owner: pavel
--

CREATE INDEX foodcartapp_order_status_65884383_like ON public.foodcartapp_order USING btree (status varchar_pattern_ops);


--
-- Name: foodcartapp_orderitem_order_id_3b24898f; Type: INDEX; Schema: public; Owner: pavel
--

CREATE INDEX foodcartapp_orderitem_order_id_3b24898f ON public.foodcartapp_orderitem USING btree (order_id);


--
-- Name: foodcartapp_orderitem_product_id_14192a46; Type: INDEX; Schema: public; Owner: pavel
--

CREATE INDEX foodcartapp_orderitem_product_id_14192a46 ON public.foodcartapp_orderitem USING btree (product_id);


--
-- Name: foodcartapp_product_category_id_e35a423b; Type: INDEX; Schema: public; Owner: pavel
--

CREATE INDEX foodcartapp_product_category_id_e35a423b ON public.foodcartapp_product USING btree (category_id);


--
-- Name: foodcartapp_product_special_status_2be2f3e9; Type: INDEX; Schema: public; Owner: pavel
--

CREATE INDEX foodcartapp_product_special_status_2be2f3e9 ON public.foodcartapp_product USING btree (special_status);


--
-- Name: foodcartapp_restaurantmenuitem_availability_f4d4d4a7; Type: INDEX; Schema: public; Owner: pavel
--

CREATE INDEX foodcartapp_restaurantmenuitem_availability_f4d4d4a7 ON public.foodcartapp_restaurantmenuitem USING btree (availability);


--
-- Name: foodcartapp_restaurantmenuitem_product_id_80c1a5c0; Type: INDEX; Schema: public; Owner: pavel
--

CREATE INDEX foodcartapp_restaurantmenuitem_product_id_80c1a5c0 ON public.foodcartapp_restaurantmenuitem USING btree (product_id);


--
-- Name: foodcartapp_restaurantmenuitem_restaurant_id_561b91ba; Type: INDEX; Schema: public; Owner: pavel
--

CREATE INDEX foodcartapp_restaurantmenuitem_restaurant_id_561b91ba ON public.foodcartapp_restaurantmenuitem USING btree (restaurant_id);


--
-- Name: geocoder_ca_address_f66366_idx; Type: INDEX; Schema: public; Owner: pavel
--

CREATE INDEX geocoder_ca_address_f66366_idx ON public.geocoder_cache_cachedlocation USING btree (address);


--
-- Name: geocoder_cache_cachedlocation_address_f4a611f6_like; Type: INDEX; Schema: public; Owner: pavel
--

CREATE INDEX geocoder_cache_cachedlocation_address_f4a611f6_like ON public.geocoder_cache_cachedlocation USING btree (address varchar_pattern_ops);


--
-- Name: auth_group_permissions auth_group_permissio_permission_id_84c5c92e_fk_auth_perm; Type: FK CONSTRAINT; Schema: public; Owner: pavel
--

ALTER TABLE ONLY public.auth_group_permissions
    ADD CONSTRAINT auth_group_permissio_permission_id_84c5c92e_fk_auth_perm FOREIGN KEY (permission_id) REFERENCES public.auth_permission(id) DEFERRABLE INITIALLY DEFERRED;


--
-- Name: auth_group_permissions auth_group_permissions_group_id_b120cbf9_fk_auth_group_id; Type: FK CONSTRAINT; Schema: public; Owner: pavel
--

ALTER TABLE ONLY public.auth_group_permissions
    ADD CONSTRAINT auth_group_permissions_group_id_b120cbf9_fk_auth_group_id FOREIGN KEY (group_id) REFERENCES public.auth_group(id) DEFERRABLE INITIALLY DEFERRED;


--
-- Name: auth_permission auth_permission_content_type_id_2f476e4b_fk_django_co; Type: FK CONSTRAINT; Schema: public; Owner: pavel
--

ALTER TABLE ONLY public.auth_permission
    ADD CONSTRAINT auth_permission_content_type_id_2f476e4b_fk_django_co FOREIGN KEY (content_type_id) REFERENCES public.django_content_type(id) DEFERRABLE INITIALLY DEFERRED;


--
-- Name: auth_user_groups auth_user_groups_group_id_97559544_fk_auth_group_id; Type: FK CONSTRAINT; Schema: public; Owner: pavel
--

ALTER TABLE ONLY public.auth_user_groups
    ADD CONSTRAINT auth_user_groups_group_id_97559544_fk_auth_group_id FOREIGN KEY (group_id) REFERENCES public.auth_group(id) DEFERRABLE INITIALLY DEFERRED;


--
-- Name: auth_user_groups auth_user_groups_user_id_6a12ed8b_fk_auth_user_id; Type: FK CONSTRAINT; Schema: public; Owner: pavel
--

ALTER TABLE ONLY public.auth_user_groups
    ADD CONSTRAINT auth_user_groups_user_id_6a12ed8b_fk_auth_user_id FOREIGN KEY (user_id) REFERENCES public.auth_user(id) DEFERRABLE INITIALLY DEFERRED;


--
-- Name: auth_user_user_permissions auth_user_user_permi_permission_id_1fbb5f2c_fk_auth_perm; Type: FK CONSTRAINT; Schema: public; Owner: pavel
--

ALTER TABLE ONLY public.auth_user_user_permissions
    ADD CONSTRAINT auth_user_user_permi_permission_id_1fbb5f2c_fk_auth_perm FOREIGN KEY (permission_id) REFERENCES public.auth_permission(id) DEFERRABLE INITIALLY DEFERRED;


--
-- Name: auth_user_user_permissions auth_user_user_permissions_user_id_a95ead1b_fk_auth_user_id; Type: FK CONSTRAINT; Schema: public; Owner: pavel
--

ALTER TABLE ONLY public.auth_user_user_permissions
    ADD CONSTRAINT auth_user_user_permissions_user_id_a95ead1b_fk_auth_user_id FOREIGN KEY (user_id) REFERENCES public.auth_user(id) DEFERRABLE INITIALLY DEFERRED;


--
-- Name: django_admin_log django_admin_log_content_type_id_c4bce8eb_fk_django_co; Type: FK CONSTRAINT; Schema: public; Owner: pavel
--

ALTER TABLE ONLY public.django_admin_log
    ADD CONSTRAINT django_admin_log_content_type_id_c4bce8eb_fk_django_co FOREIGN KEY (content_type_id) REFERENCES public.django_content_type(id) DEFERRABLE INITIALLY DEFERRED;


--
-- Name: django_admin_log django_admin_log_user_id_c564eba6_fk_auth_user_id; Type: FK CONSTRAINT; Schema: public; Owner: pavel
--

ALTER TABLE ONLY public.django_admin_log
    ADD CONSTRAINT django_admin_log_user_id_c564eba6_fk_auth_user_id FOREIGN KEY (user_id) REFERENCES public.auth_user(id) DEFERRABLE INITIALLY DEFERRED;


--
-- Name: foodcartapp_order foodcartapp_order_cooking_restaurant_i_b9240f7a_fk_foodcarta; Type: FK CONSTRAINT; Schema: public; Owner: pavel
--

ALTER TABLE ONLY public.foodcartapp_order
    ADD CONSTRAINT foodcartapp_order_cooking_restaurant_i_b9240f7a_fk_foodcarta FOREIGN KEY (cooking_restaurant_id) REFERENCES public.foodcartapp_restaurant(id) DEFERRABLE INITIALLY DEFERRED;


--
-- Name: foodcartapp_orderitem foodcartapp_orderite_product_id_14192a46_fk_foodcarta; Type: FK CONSTRAINT; Schema: public; Owner: pavel
--

ALTER TABLE ONLY public.foodcartapp_orderitem
    ADD CONSTRAINT foodcartapp_orderite_product_id_14192a46_fk_foodcarta FOREIGN KEY (product_id) REFERENCES public.foodcartapp_product(id) DEFERRABLE INITIALLY DEFERRED;


--
-- Name: foodcartapp_orderitem foodcartapp_orderitem_order_id_3b24898f_fk_foodcartapp_order_id; Type: FK CONSTRAINT; Schema: public; Owner: pavel
--

ALTER TABLE ONLY public.foodcartapp_orderitem
    ADD CONSTRAINT foodcartapp_orderitem_order_id_3b24898f_fk_foodcartapp_order_id FOREIGN KEY (order_id) REFERENCES public.foodcartapp_order(id) DEFERRABLE INITIALLY DEFERRED;


--
-- Name: foodcartapp_product foodcartapp_product_category_id_e35a423b_fk_foodcarta; Type: FK CONSTRAINT; Schema: public; Owner: pavel
--

ALTER TABLE ONLY public.foodcartapp_product
    ADD CONSTRAINT foodcartapp_product_category_id_e35a423b_fk_foodcarta FOREIGN KEY (category_id) REFERENCES public.foodcartapp_productcategory(id) DEFERRABLE INITIALLY DEFERRED;


--
-- Name: foodcartapp_restaurantmenuitem foodcartapp_restaura_product_id_80c1a5c0_fk_foodcarta; Type: FK CONSTRAINT; Schema: public; Owner: pavel
--

ALTER TABLE ONLY public.foodcartapp_restaurantmenuitem
    ADD CONSTRAINT foodcartapp_restaura_product_id_80c1a5c0_fk_foodcarta FOREIGN KEY (product_id) REFERENCES public.foodcartapp_product(id) DEFERRABLE INITIALLY DEFERRED;


--
-- Name: foodcartapp_restaurantmenuitem foodcartapp_restaura_restaurant_id_561b91ba_fk_foodcarta; Type: FK CONSTRAINT; Schema: public; Owner: pavel
--

ALTER TABLE ONLY public.foodcartapp_restaurantmenuitem
    ADD CONSTRAINT foodcartapp_restaura_restaurant_id_561b91ba_fk_foodcarta FOREIGN KEY (restaurant_id) REFERENCES public.foodcartapp_restaurant(id) DEFERRABLE INITIALLY DEFERRED;


--
-- PostgreSQL database dump complete
--

\unrestrict fmCsjWTd8QX2wc0oUlmlehbZ9jl1C3dlYOFVKMxJISE2zwCVfsce6ltaYPe1rRO

